absinthe,11,beverages,"[0, 1, 2, 3]"
acacia,3,flowers,"[0, 1, 2, 3]"
acai berry,2,fruits_vegetables_and_nuts,"[0, 2]"
acerola,2,fruits_vegetables_and_nuts,"[0, 2]"
acerola blossom,3,flowers,"[0, 1, 2, 3]"
acetyl furan,7,sweets_and_gourmand_smells,"[3]"
agarwood (oud),8,woods_and_mosses,"[2, 3]"
agave,5,greens_herbs_and_fougeres,"[1, 2]"
agave nectar,7,sweets_and_gourmand_smells,"[3]"
aglaia,3,flowers,"[0, 1, 2, 3]"
akigalawood,8,woods_and_mosses,"[2, 3]"
aldehydes,12,netural_and_synthetic_popular_and_weird,"[0, 1, 2, 3]"
alder,8,woods_and_mosses,"[2, 3]"
algae,5,greens_herbs_and_fougeres,"[1, 2]"
allspice,6,spices,"[2, 3]"
almond,2,fruits_vegetables_and_nuts,"[0, 2]"
almond blossom,3,flowers,"[0, 1, 2, 3]"
almond tree,8,woods_and_mosses,"[2, 3]"
aloe vera,5,greens_herbs_and_fougeres,"[1, 2]"
aluminum,12,netural_and_synthetic_popular_and_weird,"[0, 1, 2, 3]"
alumroot,3,flowers,"[0, 1, 2, 3]"
alyssum,3,flowers,"[0, 1, 2, 3]"
amaranth,8,woods_and_mosses,"[2, 3]"
amaretto,11,beverages,"[0, 1, 2, 3]"
amarillys,3,flowers,"[0, 1, 2, 3]"
amber,10,musk_amber_animalic_smells,"[2, 3]"
amber xtreme,10,musk_amber_animalic_smells,"[2, 3]"
ambergris,10,musk_amber_animalic_smells,"[2, 3]"
ambertonic (iff),10,musk_amber_animalic_smells,"[2, 3]"
amberwood,9,resins_and_balsams,"[2, 3]"
ambrarome,10,musk_amber_animalic_smells,"[2, 3]"
ambretone,10,musk_amber_animalic_smells,"[2, 3]"
ambrette (musk mallow),10,musk_amber_animalic_smells,"[2, 3]"
ambrettolide,10,musk_amber_animalic_smells,"[2, 3]"
ambrocenide (symrise),10,musk_amber_animalic_smells,"[2, 3]"
ambroxan,10,musk_amber_animalic_smells,"[2, 3]"
ammophila (beach grass),5,greens_herbs_and_fougeres,"[1, 2]"
amyl salicylate,12,netural_and_synthetic_popular_and_weird,"[0, 1, 2, 3]"
amyris,8,woods_and_mosses,"[2, 3]"
anemone,3,flowers,"[0, 1, 2, 3]"
angel's trumpet,3,flowers,"[0, 1, 2, 3]"
angelica,5,greens_herbs_and_fougeres,"[1, 2]"
animal notes,10,musk_amber_animalic_smells,"[2, 3]"
anise,6,spices,"[2, 3]"
apple,2,fruits_vegetables_and_nuts,"[0, 2]"
apple blossom,3,flowers,"[0, 1, 2, 3]"
apple juice,2,fruits_vegetables_and_nuts,"[0, 2]"
apple mint,5,greens_herbs_and_fougeres,"[1, 2]"
apple pulp,2,fruits_vegetables_and_nuts,"[0, 2]"
apple tree,8,woods_and_mosses,"[2, 3]"
apricot,2,fruits_vegetables_and_nuts,"[0, 2]"
apricot blossom,3,flowers,"[0, 1, 2, 3]"
aquozone,12,netural_and_synthetic_popular_and_weird,"[0, 1, 2, 3]"
araucaria,8,woods_and_mosses,"[2, 3]"
"arbutus (madrona, bearberry tree)",8,woods_and_mosses,"[2, 3]"
arctic bramble,2,fruits_vegetables_and_nuts,"[0, 2]"
argan,2,fruits_vegetables_and_nuts,"[0, 2]"
argan tree,8,woods_and_mosses,"[2, 3]"
arnica,5,greens_herbs_and_fougeres,"[1, 2]"
artemisia,5,greens_herbs_and_fougeres,"[1, 2]"
arum lily,4,white_flowers,"[0, 2, 3]"
asafoetida,6,spices,"[2, 3]"
ash,12,netural_and_synthetic_popular_and_weird,"[0, 1, 2, 3]"
ashoka flower,3,flowers,"[0, 1, 2, 3]"
asparagus,5,greens_herbs_and_fougeres,"[1, 2]"
aspen,8,woods_and_mosses,"[2, 3]"
asphalt,12,netural_and_synthetic_popular_and_weird,"[0, 1, 2, 3]"
aspic,10,musk_amber_animalic_smells,"[2, 3]"
avocado,5,greens_herbs_and_fougeres,"[1, 2]"
azolla (water fern),5,greens_herbs_and_fougeres,"[1, 2]"
bacon,10,musk_amber_animalic_smells,"[2, 3]"
baileys irish cream,11,beverages,"[0, 1, 2, 3]"
balsamic vinegar,9,resins_and_balsams,"[2, 3]"
bamboo,8,woods_and_mosses,"[2, 3]"
banana,2,fruits_vegetables_and_nuts,"[0, 2]"
banana flower,3,flowers,"[0, 1, 2, 3]"
banana leaf,5,greens_herbs_and_fougeres,"[1, 2]"
baobab,8,woods_and_mosses,"[2, 3]"
barberry,3,flowers,"[0, 1, 2, 3]"
bark,8,woods_and_mosses,"[2, 3]"
barley,5,greens_herbs_and_fougeres,"[1, 2]"
basil,5,greens_herbs_and_fougeres,"[1, 2]"
bay essence,5,greens_herbs_and_fougeres,"[1, 2]"
bay leaf,6,spices,"[2, 3]"
bbq,10,musk_amber_animalic_smells,"[2, 3]"
bearberry,2,fruits_vegetables_and_nuts,"[0, 2]"
beech,8,woods_and_mosses,"[2, 3]"
beer/ale,11,beverages,"[0, 1, 2, 3]"
beeswax,10,musk_amber_animalic_smells,"[2, 3]"
beetroot,2,fruits_vegetables_and_nuts,"[0, 2]"
belambra tree,8,woods_and_mosses,"[2, 3]"
belladona,3,flowers,"[0, 1, 2, 3]"
bellflower,3,flowers,"[0, 1, 2, 3]"
bellini,11,beverages,"[0, 1, 2, 3]"
benzoin,9,resins_and_balsams,"[2, 3]"
bergamot,1,citrus_smells,"[0, 1]"
bergamot blossom,3,flowers,"[0, 1, 2, 3]"
birch,8,woods_and_mosses,"[2, 3]"
birch tar,9,resins_and_balsams,"[2, 3]"
biscuit,7,sweets_and_gourmand_smells,"[3]"
bitter orange,1,citrus_smells,"[0, 1]"
black currant,2,fruits_vegetables_and_nuts,"[0, 2]"
black currant blossom,3,flowers,"[0, 1, 2, 3]"
black currant leaf,5,greens_herbs_and_fougeres,"[1, 2]"
black hemlock or tsuga,8,woods_and_mosses,"[2, 3]"
black locust,4,white_flowers,"[0, 2, 3]"
black spruce,8,woods_and_mosses,"[2, 3]"
blackberry,2,fruits_vegetables_and_nuts,"[0, 2]"
blackberry blossom,3,flowers,"[0, 1, 2, 3]"
blackberry leaf,5,greens_herbs_and_fougeres,"[1, 2]"
blackthorn,2,fruits_vegetables_and_nuts,"[0, 2]"
blackwood,8,woods_and_mosses,"[2, 3]"
blood,12,netural_and_synthetic_popular_and_weird,"[0, 1, 2, 3]"
blood orange,1,citrus_smells,"[0, 1]"
blue lilies,3,flowers,"[0, 1, 2, 3]"
blue margarita,11,beverages,"[0, 1, 2, 3]"
blue poppy,3,flowers,"[0, 1, 2, 3]"
blueberry,2,fruits_vegetables_and_nuts,"[0, 2]"
boisiris,12,netural_and_synthetic_popular_and_weird,"[0, 1, 2, 3]"
borage,5,greens_herbs_and_fougeres,"[1, 2]"
borneol,5,greens_herbs_and_fougeres,"[1, 2]"
boronia,4,white_flowers,"[0, 2, 3]"
bougainvillea,3,flowers,"[0, 1, 2, 3]"
bourbon whiskey,11,beverages,"[0, 1, 2, 3]"
boysenberry,2,fruits_vegetables_and_nuts,"[0, 2]"
bran,5,greens_herbs_and_fougeres,"[1, 2]"
brazil nut,2,fruits_vegetables_and_nuts,"[0, 2]"
brazilian rosewood,8,woods_and_mosses,"[2, 3]"
bread,7,sweets_and_gourmand_smells,"[3]"
bread flower,3,flowers,"[0, 1, 2, 3]"
breu-branco,9,resins_and_balsams,"[2, 3]"
brick,12,netural_and_synthetic_popular_and_weird,"[0, 1, 2, 3]"
brioche,7,sweets_and_gourmand_smells,"[3]"
bromelia,3,flowers,"[0, 1, 2, 3]"
brown scotch tape,12,netural_and_synthetic_popular_and_weird,"[0, 1, 2, 3]"
brown sugar,7,sweets_and_gourmand_smells,"[3]"
bubble gum,7,sweets_and_gourmand_smells,"[3]"
buchu or agathosma,5,greens_herbs_and_fougeres,"[1, 2]"
buddha wood,8,woods_and_mosses,"[2, 3]"
buddleia,3,flowers,"[0, 1, 2, 3]"
bulrush,5,greens_herbs_and_fougeres,"[1, 2]"
burdock,5,greens_herbs_and_fougeres,"[1, 2]"
burnt match,12,netural_and_synthetic_popular_and_weird,"[0, 1, 2, 3]"
bushman candle,9,resins_and_balsams,"[2, 3]"
butomus umbellatus,3,flowers,"[0, 1, 2, 3]"
butter,7,sweets_and_gourmand_smells,"[3]"
buttercup,3,flowers,"[0, 1, 2, 3]"
butterscotch,7,sweets_and_gourmand_smells,"[3]"
buxus,8,woods_and_mosses,"[2, 3]"
cabreuva,8,woods_and_mosses,"[2, 3]"
cacao pod,6,spices,"[2, 3]"
cactus,5,greens_herbs_and_fougeres,"[1, 2]"
cade oil,9,resins_and_balsams,"[2, 3]"
caipirinha,11,beverages,"[0, 1, 2, 3]"
calamansi,1,citrus_smells,"[0, 1]"
calamus,5,greens_herbs_and_fougeres,"[1, 2]"
calone,12,netural_and_synthetic_popular_and_weird,"[0, 1, 2, 3]"
calycanthus,5,greens_herbs_and_fougeres,"[1, 2]"
calypsone,12,netural_and_synthetic_popular_and_weird,"[0, 1, 2, 3]"
cambodian oud,8,woods_and_mosses,"[2, 3]"
camellia,3,flowers,"[0, 1, 2, 3]"
campari,11,beverages,"[0, 1, 2, 3]"
camphor,12,netural_and_synthetic_popular_and_weird,"[0, 1, 2, 3]"
canadian balsam,8,woods_and_mosses,"[2, 3]"
candied fruits,7,sweets_and_gourmand_smells,"[3]"
candied ginger,7,sweets_and_gourmand_smells,"[3]"
candied orange,7,sweets_and_gourmand_smells,"[3]"
candies,7,sweets_and_gourmand_smells,"[3]"
canele,7,sweets_and_gourmand_smells,"[3]"
cannabis,5,greens_herbs_and_fougeres,"[1, 2]"
cannonball flower,3,flowers,"[0, 1, 2, 3]"
caoutchouc,12,netural_and_synthetic_popular_and_weird,"[0, 1, 2, 3]"
cappuccino,11,beverages,"[0, 1, 2, 3]"
carambola (star fruit),2,fruits_vegetables_and_nuts,"[0, 2]"
carambola blossom,3,flowers,"[0, 1, 2, 3]"
caramel,7,sweets_and_gourmand_smells,"[3]"
caraway,6,spices,"[2, 3]"
cardamom,6,spices,"[2, 3]"
carissa,4,white_flowers,"[0, 2, 3]"
carnation,3,flowers,"[0, 1, 2, 3]"
carnation leaves,5,greens_herbs_and_fougeres,"[1, 2]"
carob tree,8,woods_and_mosses,"[2, 3]"
carrot,2,fruits_vegetables_and_nuts,"[0, 2]"
carrot seeds,10,musk_amber_animalic_smells,"[2, 3]"
cascalone,12,netural_and_synthetic_popular_and_weird,"[0, 1, 2, 3]"
cashew,2,fruits_vegetables_and_nuts,"[0, 2]"
cashmeran,12,netural_and_synthetic_popular_and_weird,"[0, 1, 2, 3]"
cashmir wood,8,woods_and_mosses,"[2, 3]"
cassia,6,spices,"[2, 3]"
cassowary fruit,2,fruits_vegetables_and_nuts,"[0, 2]"
castoreum,10,musk_amber_animalic_smells,"[2, 3]"
caviar,10,musk_amber_animalic_smells,"[2, 3]"
cedar,8,woods_and_mosses,"[2, 3]"
celery,5,greens_herbs_and_fougeres,"[1, 2]"
celery seeds,5,greens_herbs_and_fougeres,"[1, 2]"
celosia,3,flowers,"[0, 1, 2, 3]"
centella asiatica,5,greens_herbs_and_fougeres,"[1, 2]"
cepes,2,fruits_vegetables_and_nuts,"[0, 2]"
cetalox,10,musk_amber_animalic_smells,"[2, 3]"
chalood bark,8,woods_and_mosses,"[2, 3]"
chamomile,3,flowers,"[0, 1, 2, 3]"
champaca,3,flowers,"[0, 1, 2, 3]"
champagne,11,beverages,"[0, 1, 2, 3]"
chayote,2,fruits_vegetables_and_nuts,"[0, 2]"
cheese,10,musk_amber_animalic_smells,"[2, 3]"
cherimoya,2,fruits_vegetables_and_nuts,"[0, 2]"
cherry,2,fruits_vegetables_and_nuts,"[0, 2]"
cherry blossom,3,flowers,"[0, 1, 2, 3]"
chestnut,2,fruits_vegetables_and_nuts,"[0, 2]"
chimonanthus or wintersweet,3,flowers,"[0, 1, 2, 3]"
china rose,3,flowers,"[0, 1, 2, 3]"
chinotto,11,beverages,"[0, 1, 2, 3]"
chinotto,1,citrus_smells,"[0, 1]"
chinotto blossom,3,flowers,"[0, 1, 2, 3]"
chive,5,greens_herbs_and_fougeres,"[1, 2]"
chocolate flower,3,flowers,"[0, 1, 2, 3]"
choya loban,9,resins_and_balsams,"[2, 3]"
choya nakh,9,resins_and_balsams,"[2, 3]"
choya ral,9,resins_and_balsams,"[2, 3]"
christmas tree or flame tree,3,flowers,"[0, 1, 2, 3]"
chrysanthemum,3,flowers,"[0, 1, 2, 3]"
chutney,6,spices,"[2, 3]"
cilantro,5,greens_herbs_and_fougeres,"[1, 2]"
cinnamon,6,spices,"[2, 3]"
cinnamon leaf,6,spices,"[2, 3]"
citron,1,citrus_smells,"[0, 1]"
citruses,1,citrus_smells,"[0, 1]"
civet,10,musk_amber_animalic_smells,"[2, 3]"
clary sage,5,greens_herbs_and_fougeres,"[1, 2]"
clay,12,netural_and_synthetic_popular_and_weird,"[0, 1, 2, 3]"
clearwood,8,woods_and_mosses,"[2, 3]"
clematis,3,flowers,"[0, 1, 2, 3]"
clementine,1,citrus_smells,"[0, 1]"
cloudberry,2,fruits_vegetables_and_nuts,"[0, 2]"
clove leaf,6,spices,"[2, 3]"
clover,3,flowers,"[0, 1, 2, 3]"
cloves,6,spices,"[2, 3]"
co2 extracts,12,netural_and_synthetic_popular_and_weird,"[0, 1, 2, 3]"
coal,12,netural_and_synthetic_popular_and_weird,"[0, 1, 2, 3]"
coal tar,9,resins_and_balsams,"[2, 3]"
cobblestone,12,netural_and_synthetic_popular_and_weird,"[0, 1, 2, 3]"
coca,5,greens_herbs_and_fougeres,"[1, 2]"
coca-cola,11,beverages,"[0, 1, 2, 3]"
cocobolo,8,woods_and_mosses,"[2, 3]"
coconut,2,fruits_vegetables_and_nuts,"[0, 2]"
coconut pie,7,sweets_and_gourmand_smells,"[3]"
coffee,6,spices,"[2, 3]"
coffee blossom,3,flowers,"[0, 1, 2, 3]"
coffee tree,8,woods_and_mosses,"[2, 3]"
cognac,11,beverages,"[0, 1, 2, 3]"
cognac,11,beverages,"[0, 1, 2, 3]"
concrete,12,netural_and_synthetic_popular_and_weird,"[0, 1, 2, 3]"
cookie,7,sweets_and_gourmand_smells,"[3]"
copahu balm,9,resins_and_balsams,"[2, 3]"
copaiba balm,9,resins_and_balsams,"[2, 3]"
copal,9,resins_and_balsams,"[2, 3]"
coral reef,10,musk_amber_animalic_smells,"[2, 3]"
coranol,12,netural_and_synthetic_popular_and_weird,"[0, 1, 2, 3]"
coriander,6,spices,"[2, 3]"
cork,8,woods_and_mosses,"[2, 3]"
cork,12,netural_and_synthetic_popular_and_weird,"[0, 1, 2, 3]"
corn silk,2,fruits_vegetables_and_nuts,"[0, 2]"
"cornflower, sultan seeds",3,flowers,"[0, 1, 2, 3]"
cosmone,12,netural_and_synthetic_popular_and_weird,"[0, 1, 2, 3]"
cosmopolitan cocktail,11,beverages,"[0, 1, 2, 3]"
cosmos flower,3,flowers,"[0, 1, 2, 3]"
costus,3,flowers,"[0, 1, 2, 3]"
cotton candy,7,sweets_and_gourmand_smells,"[3]"
cotton flower,3,flowers,"[0, 1, 2, 3]"
cottonwood (poplar),8,woods_and_mosses,"[2, 3]"
coumarin,12,netural_and_synthetic_popular_and_weird,"[0, 1, 2, 3]"
cranberry,2,fruits_vegetables_and_nuts,"[0, 2]"
cream,7,sweets_and_gourmand_smells,"[3]"
cream soda,11,beverages,"[0, 1, 2, 3]"
creme brulee,7,sweets_and_gourmand_smells,"[3]"
creosote bush,5,greens_herbs_and_fougeres,"[1, 2]"
crinum lily,3,flowers,"[0, 1, 2, 3]"
crithmum,5,greens_herbs_and_fougeres,"[1, 2]"
croissant,7,sweets_and_gourmand_smells,"[3]"
cubeb or tailed pepper,6,spices,"[2, 3]"
cucumber,2,fruits_vegetables_and_nuts,"[0, 2]"
cumin,6,spices,"[2, 3]"
cupcake,7,sweets_and_gourmand_smells,"[3]"
"cupuacu, cupuassu, copoasu",2,fruits_vegetables_and_nuts,"[0, 2]"
curacao,11,beverages,"[0, 1, 2, 3]"
curcuma (turmeric),6,spices,"[2, 3]"
currant leaf and bud,2,fruits_vegetables_and_nuts,"[0, 2]"
curry tree,6,spices,"[2, 3]"
custard,7,sweets_and_gourmand_smells,"[3]"
cyclamen,3,flowers,"[0, 1, 2, 3]"
cyperus scariosus,2,fruits_vegetables_and_nuts,"[0, 2]"
cypress,8,woods_and_mosses,"[2, 3]"
cypriol oil or nagarmotha,8,woods_and_mosses,"[2, 3]"
dahlia,3,flowers,"[0, 1, 2, 3]"
daim,10,musk_amber_animalic_smells,"[2, 3]"
daiquiri,11,beverages,"[0, 1, 2, 3]"
daisy,3,flowers,"[0, 1, 2, 3]"
dandelion,3,flowers,"[0, 1, 2, 3]"
daphne,3,flowers,"[0, 1, 2, 3]"
dark chocolate,7,sweets_and_gourmand_smells,"[3]"
dates,7,sweets_and_gourmand_smells,"[3]"
datura,4,white_flowers,"[0, 2, 3]"
davana,5,greens_herbs_and_fougeres,"[1, 2]"
deadnettle,3,flowers,"[0, 1, 2, 3]"
delonix,3,flowers,"[0, 1, 2, 3]"
desert rose,3,flowers,"[0, 1, 2, 3]"
dew drop,12,netural_and_synthetic_popular_and_weird,"[0, 1, 2, 3]"
dewberry,2,fruits_vegetables_and_nuts,"[0, 2]"
dianthus,3,flowers,"[0, 1, 2, 3]"
dill,6,spices,"[2, 3]"
dodecanal,12,netural_and_synthetic_popular_and_weird,"[0, 1, 2, 3]"
dove tree,3,flowers,"[0, 1, 2, 3]"
dragon blood resin,9,resins_and_balsams,"[2, 3]"
dried apple crisp,2,fruits_vegetables_and_nuts,"[0, 2]"
dried apricot,2,fruits_vegetables_and_nuts,"[0, 2]"
dried fallen leaves,5,greens_herbs_and_fougeres,"[1, 2]"
dried fruits,2,fruits_vegetables_and_nuts,"[0, 2]"
dried rose,3,flowers,"[0, 1, 2, 3]"
driftwood,8,woods_and_mosses,"[2, 3]"
dry wood,8,woods_and_mosses,"[2, 3]"
dulce de leche,7,sweets_and_gourmand_smells,"[3]"
dyer's greenweed,3,flowers,"[0, 1, 2, 3]"
earl grey tea,5,greens_herbs_and_fougeres,"[1, 2]"
earth tincture,12,netural_and_synthetic_popular_and_weird,"[0, 1, 2, 3]"
earthy notes,12,netural_and_synthetic_popular_and_weird,"[0, 1, 2, 3]"
eau de vie,11,beverages,"[0, 1, 2, 3]"
ebony tree,8,woods_and_mosses,"[2, 3]"
edelweiss,3,flowers,"[0, 1, 2, 3]"
eglantine rose,3,flowers,"[0, 1, 2, 3]"
elderflower,3,flowers,"[0, 1, 2, 3]"
elemi,9,resins_and_balsams,"[2, 3]"
ember,12,netural_and_synthetic_popular_and_weird,"[0, 1, 2, 3]"
encian,3,flowers,"[0, 1, 2, 3]"
english marigold,3,flowers,"[0, 1, 2, 3]"
ethyl maltol,12,netural_and_synthetic_popular_and_weird,"[0, 1, 2, 3]"
eucalyptus,8,woods_and_mosses,"[2, 3]"
eugenol,12,netural_and_synthetic_popular_and_weird,"[0, 1, 2, 3]"
fabric,12,netural_and_synthetic_popular_and_weird,"[0, 1, 2, 3]"
fennel,6,spices,"[2, 3]"
fenugreek,6,spices,"[2, 3]"
fern,5,greens_herbs_and_fougeres,"[1, 2]"
field scabious,3,flowers,"[0, 1, 2, 3]"
fig,2,fruits_vegetables_and_nuts,"[0, 2]"
fig leaf,2,fruits_vegetables_and_nuts,"[0, 2]"
fig tree,8,woods_and_mosses,"[2, 3]"
finger lime,1,citrus_smells,"[0, 1]"
fir,8,woods_and_mosses,"[2, 3]"
fire,12,netural_and_synthetic_popular_and_weird,"[0, 1, 2, 3]"
fish,12,netural_and_synthetic_popular_and_weird,"[0, 1, 2, 3]"
flamingo flower (anthurium),3,flowers,"[0, 1, 2, 3]"
flax,3,flowers,"[0, 1, 2, 3]"
flint,12,netural_and_synthetic_popular_and_weird,"[0, 1, 2, 3]"
floral notes,3,flowers,"[0, 1, 2, 3]"
forest fruits,2,fruits_vegetables_and_nuts,"[0, 2]"
forget me not,3,flowers,"[0, 1, 2, 3]"
fragonia,3,flowers,"[0, 1, 2, 3]"
frangipani,4,white_flowers,"[0, 2, 3]"
freesia,3,flowers,"[0, 1, 2, 3]"
french pastries,7,sweets_and_gourmand_smells,"[3]"
frosted berries,2,fruits_vegetables_and_nuts,"[0, 2]"
frosting "[glace]",7,sweets_and_gourmand_smells,"[3]"
fruity notes,2,fruits_vegetables_and_nuts,"[0, 2]"
fuchsia,3,flowers,"[0, 1, 2, 3]"
galanga,6,spices,"[2, 3]"
galaxolide,12,netural_and_synthetic_popular_and_weird,"[0, 1, 2, 3]"
galbanum,5,greens_herbs_and_fougeres,"[1, 2]"
gardenia,4,white_flowers,"[0, 2, 3]"
gasoline,12,netural_and_synthetic_popular_and_weird,"[0, 1, 2, 3]"
genet,10,musk_amber_animalic_smells,"[2, 3]"
genmaicha,5,greens_herbs_and_fougeres,"[1, 2]"
geosmin,12,netural_and_synthetic_popular_and_weird,"[0, 1, 2, 3]"
geranium,3,flowers,"[0, 1, 2, 3]"
gerbera,3,flowers,"[0, 1, 2, 3]"
gianduia,7,sweets_and_gourmand_smells,"[3]"
gin,11,beverages,"[0, 1, 2, 3]"
ginger,6,spices,"[2, 3]"
gingerbread,7,sweets_and_gourmand_smells,"[3]"
ginkgo,5,greens_herbs_and_fougeres,"[1, 2]"
ginseng,5,greens_herbs_and_fougeres,"[1, 2]"
gladiolus,3,flowers,"[0, 1, 2, 3]"
goat hair,10,musk_amber_animalic_smells,"[2, 3]"
goji berries,2,fruits_vegetables_and_nuts,"[0, 2]"
goldenrod,3,flowers,"[0, 1, 2, 3]"
gooseberry,2,fruits_vegetables_and_nuts,"[0, 2]"
gorse,3,flowers,"[0, 1, 2, 3]"
grape leaves,5,greens_herbs_and_fougeres,"[1, 2]"
grape seed,2,fruits_vegetables_and_nuts,"[0, 2]"
grapefruit,1,citrus_smells,"[0, 1]"
grapefruit blossom,4,white_flowers,"[0, 2, 3]"
grapes,2,fruits_vegetables_and_nuts,"[0, 2]"
graphite,12,netural_and_synthetic_popular_and_weird,"[0, 1, 2, 3]"
grass,5,greens_herbs_and_fougeres,"[1, 2]"
grass tree,8,woods_and_mosses,"[2, 3]"
green nard,3,flowers,"[0, 1, 2, 3]"
green notes,5,greens_herbs_and_fougeres,"[1, 2]"
green pepper,5,greens_herbs_and_fougeres,"[1, 2]"
green sap,5,greens_herbs_and_fougeres,"[1, 2]"
green tea flower,3,flowers,"[0, 1, 2, 3]"
greengage,2,fruits_vegetables_and_nuts,"[0, 2]"
grenadine,11,beverages,"[0, 1, 2, 3]"
gromwell,5,greens_herbs_and_fougeres,"[1, 2]"
ground cherry,2,fruits_vegetables_and_nuts,"[0, 2]"
guaiac wood,8,woods_and_mosses,"[2, 3]"
guao or maiden plum,5,greens_herbs_and_fougeres,"[1, 2]"
guarana,2,fruits_vegetables_and_nuts,"[0, 2]"
guava,2,fruits_vegetables_and_nuts,"[0, 2]"
guava blossom,3,flowers,"[0, 1, 2, 3]"
gunpowder,12,netural_and_synthetic_popular_and_weird,"[0, 1, 2, 3]"
gurjun balsam,9,resins_and_balsams,"[2, 3]"
halva,7,sweets_and_gourmand_smells,"[3]"
hassaku,1,citrus_smells,"[0, 1]"
hatkora lemon,1,citrus_smells,"[0, 1]"
hawthorn,3,flowers,"[0, 1, 2, 3]"
hay,5,greens_herbs_and_fougeres,"[1, 2]"
hazel blossom,3,flowers,"[0, 1, 2, 3]"
hazelnut,2,fruits_vegetables_and_nuts,"[0, 2]"
hazelnut cocoa spread,7,sweets_and_gourmand_smells,"[3]"
head space waterfall,12,netural_and_synthetic_popular_and_weird,"[0, 1, 2, 3]"
heather,3,flowers,"[0, 1, 2, 3]"
hedione,12,netural_and_synthetic_popular_and_weird,"[0, 1, 2, 3]"
heliotrope,3,flowers,"[0, 1, 2, 3]"
hellabore flower,3,flowers,"[0, 1, 2, 3]"
hemlock,3,flowers,"[0, 1, 2, 3]"
henna,5,greens_herbs_and_fougeres,"[1, 2]"
hi-fi,11,beverages,"[0, 1, 2, 3]"
hibiscus,3,flowers,"[0, 1, 2, 3]"
hina,12,netural_and_synthetic_popular_and_weird,"[0, 1, 2, 3]"
hinoki wood,8,woods_and_mosses,"[2, 3]"
ho wood,8,woods_and_mosses,"[2, 3]"
hoary stock,3,flowers,"[0, 1, 2, 3]"
holly flower,3,flowers,"[0, 1, 2, 3]"
hollyhock,3,flowers,"[0, 1, 2, 3]"
honey,7,sweets_and_gourmand_smells,"[3]"
honeybush or cyclopia,3,flowers,"[0, 1, 2, 3]"
honeycomb,7,sweets_and_gourmand_smells,"[3]"
honeydew blossom,3,flowers,"[0, 1, 2, 3]"
honeysuckle,4,white_flowers,"[0, 2, 3]"
hops,5,greens_herbs_and_fougeres,"[1, 2]"
horchata,7,sweets_and_gourmand_smells,"[3]"
horseweed,5,greens_herbs_and_fougeres,"[1, 2]"
hortensia,3,flowers,"[0, 1, 2, 3]"
hot iron,12,netural_and_synthetic_popular_and_weird,"[0, 1, 2, 3]"
"hoya carnosa, wax plant",3,flowers,"[0, 1, 2, 3]"
hyacinth,3,flowers,"[0, 1, 2, 3]"
hyraceum,10,musk_amber_animalic_smells,"[2, 3]"
hyssop,3,flowers,"[0, 1, 2, 3]"
ice,12,netural_and_synthetic_popular_and_weird,"[0, 1, 2, 3]"
ice cream,7,sweets_and_gourmand_smells,"[3]"
icing pink,7,sweets_and_gourmand_smells,"[3]"
immortelle,5,greens_herbs_and_fougeres,"[1, 2]"
impatiens,3,flowers,"[0, 1, 2, 3]"
incense,9,resins_and_balsams,"[2, 3]"
incienso,8,woods_and_mosses,"[2, 3]"
indian oud,8,woods_and_mosses,"[2, 3]"
indian spices,6,spices,"[2, 3]"
indian woods,8,woods_and_mosses,"[2, 3]"
indole,12,netural_and_synthetic_popular_and_weird,"[0, 1, 2, 3]"
industrial glue,12,netural_and_synthetic_popular_and_weird,"[0, 1, 2, 3]"
ink,12,netural_and_synthetic_popular_and_weird,"[0, 1, 2, 3]"
instant film accord,12,netural_and_synthetic_popular_and_weird,"[0, 1, 2, 3]"
iris,3,flowers,"[0, 1, 2, 3]"
"ishpink, ocotea quixos",8,woods_and_mosses,"[2, 3]"
iso e super,12,netural_and_synthetic_popular_and_weird,"[0, 1, 2, 3]"
isobutyl quinoline,12,netural_and_synthetic_popular_and_weird,"[0, 1, 2, 3]"
ivy,5,greens_herbs_and_fougeres,"[1, 2]"
jabuticaba,2,fruits_vegetables_and_nuts,"[0, 2]"
jacaranda,3,flowers,"[0, 1, 2, 3]"
jackfruit,2,fruits_vegetables_and_nuts,"[0, 2]"
jade flower,3,flowers,"[0, 1, 2, 3]"
japanese loquat,2,fruits_vegetables_and_nuts,"[0, 2]"
japanese pepper,6,spices,"[2, 3]"
jasmine,4,white_flowers,"[0, 2, 3]"
jasmine orchid,3,flowers,"[0, 1, 2, 3]"
jasmine tea,11,beverages,"[0, 1, 2, 3]"
jatamansi or spikenard,5,greens_herbs_and_fougeres,"[1, 2]"
javanol,12,netural_and_synthetic_popular_and_weird,"[0, 1, 2, 3]"
jeans,12,netural_and_synthetic_popular_and_weird,"[0, 1, 2, 3]"
jobs tears (yi yi ren),2,fruits_vegetables_and_nuts,"[0, 2]"
jujube blossom,3,flowers,"[0, 1, 2, 3]"
juniper,5,greens_herbs_and_fougeres,"[1, 2]"
juniper berries,5,greens_herbs_and_fougeres,"[1, 2]"
kadam,3,flowers,"[0, 1, 2, 3]"
kaffir lime,1,citrus_smells,"[0, 1]"
kanuka,3,flowers,"[0, 1, 2, 3]"
karo-karounde,4,white_flowers,"[0, 2, 3]"
katrafay,5,greens_herbs_and_fougeres,"[1, 2]"
katsura leaf,5,greens_herbs_and_fougeres,"[1, 2]"
kephalis,10,musk_amber_animalic_smells,"[2, 3]"
khella,5,greens_herbs_and_fougeres,"[1, 2]"
kir royal,11,beverages,"[0, 1, 2, 3]"
kiwi,2,fruits_vegetables_and_nuts,"[0, 2]"
kiwi blossom,3,flowers,"[0, 1, 2, 3]"
kowhai,8,woods_and_mosses,"[2, 3]"
kudzu,3,flowers,"[0, 1, 2, 3]"
kulfi,7,sweets_and_gourmand_smells,"[3]"
kumbaru,2,fruits_vegetables_and_nuts,"[0, 2]"
kumquat,1,citrus_smells,"[0, 1]"
labdanum,9,resins_and_balsams,"[2, 3]"
laburnum,3,flowers,"[0, 1, 2, 3]"
lady of the night flower,3,flowers,"[0, 1, 2, 3]"
lady slipper orchid,3,flowers,"[0, 1, 2, 3]"
lamduan flower,3,flowers,"[0, 1, 2, 3]"
laminaria,5,greens_herbs_and_fougeres,"[1, 2]"
lamprocapnos,3,flowers,"[0, 1, 2, 3]"
lantana,3,flowers,"[0, 1, 2, 3]"
lantana leaf,5,greens_herbs_and_fougeres,"[1, 2]"
laotian oud,8,woods_and_mosses,"[2, 3]"
larch,8,woods_and_mosses,"[2, 3]"
larkspur,3,flowers,"[0, 1, 2, 3]"
laurel blossom,3,flowers,"[0, 1, 2, 3]"
lava,12,netural_and_synthetic_popular_and_weird,"[0, 1, 2, 3]"
lavender,3,flowers,"[0, 1, 2, 3]"
leather,10,musk_amber_animalic_smells,"[2, 3]"
leatherwood,3,flowers,"[0, 1, 2, 3]"
lemon,1,citrus_smells,"[0, 1]"
lemon balm,1,citrus_smells,"[0, 1]"
lemon blossom,4,white_flowers,"[0, 2, 3]"
lemon tree,1,citrus_smells,"[0, 1]"
lemon verbena,1,citrus_smells,"[0, 1]"
lemon zest,1,citrus_smells,"[0, 1]"
lemonade,11,beverages,"[0, 1, 2, 3]"
lemongrass,1,citrus_smells,"[0, 1]"
liatris,3,flowers,"[0, 1, 2, 3]"
lichen,8,woods_and_mosses,"[2, 3]"
licorice,6,spices,"[2, 3]"
lilac,3,flowers,"[0, 1, 2, 3]"
lily,4,white_flowers,"[0, 2, 3]"
lily of the valley leaves,5,greens_herbs_and_fougeres,"[1, 2]"
lily-of-the-valley,3,flowers,"[0, 1, 2, 3]"
lime,1,citrus_smells,"[0, 1]"
lime (linden) blossom,3,flowers,"[0, 1, 2, 3]"
limetta,1,citrus_smells,"[0, 1]"
limnophila aromatica,5,greens_herbs_and_fougeres,"[1, 2]"
limoncello,11,beverages,"[0, 1, 2, 3]"
linaloe berry,5,greens_herbs_and_fougeres,"[1, 2]"
linen,12,netural_and_synthetic_popular_and_weird,"[0, 1, 2, 3]"
lingonberry,2,fruits_vegetables_and_nuts,"[0, 2]"
lip gloss,12,netural_and_synthetic_popular_and_weird,"[0, 1, 2, 3]"
lipstick,12,netural_and_synthetic_popular_and_weird,"[0, 1, 2, 3]"
liquor,11,beverages,"[0, 1, 2, 3]"
litchi,2,fruits_vegetables_and_nuts,"[0, 2]"
litsea cubeba,1,citrus_smells,"[0, 1]"
longan berries,2,fruits_vegetables_and_nuts,"[0, 2]"
lorenox,12,netural_and_synthetic_popular_and_weird,"[0, 1, 2, 3]"
lotus,3,flowers,"[0, 1, 2, 3]"
loukhoum,7,sweets_and_gourmand_smells,"[3]"
lovage root,5,greens_herbs_and_fougeres,"[1, 2]"
lupin,3,flowers,"[0, 1, 2, 3]"
lydia broom,3,flowers,"[0, 1, 2, 3]"
macadamia,2,fruits_vegetables_and_nuts,"[0, 2]"
macarons,7,sweets_and_gourmand_smells,"[3]"
mace,6,spices,"[2, 3]"
madeira,11,beverages,"[0, 1, 2, 3]"
magnolan,12,netural_and_synthetic_popular_and_weird,"[0, 1, 2, 3]"
magnolia,3,flowers,"[0, 1, 2, 3]"
mahogany,8,woods_and_mosses,"[2, 3]"
mahonia,5,greens_herbs_and_fougeres,"[1, 2]"
mahonial,12,netural_and_synthetic_popular_and_weird,"[0, 1, 2, 3]"
mai tai cocktail,11,beverages,"[0, 1, 2, 3]"
malt,2,fruits_vegetables_and_nuts,"[0, 2]"
malva,3,flowers,"[0, 1, 2, 3]"
mandarin orange,1,citrus_smells,"[0, 1]"
mandarin orange blossom,4,white_flowers,"[0, 2, 3]"
mandora,1,citrus_smells,"[0, 1]"
mango,2,fruits_vegetables_and_nuts,"[0, 2]"
mango blossom,3,flowers,"[0, 1, 2, 3]"
mangosteen,2,fruits_vegetables_and_nuts,"[0, 2]"
maninka,2,fruits_vegetables_and_nuts,"[0, 2]"
manuka,8,woods_and_mosses,"[2, 3]"
maple,8,woods_and_mosses,"[2, 3]"
maple syrup,7,sweets_and_gourmand_smells,"[3]"
maraschino cherry,7,sweets_and_gourmand_smells,"[3]"
marian plum,2,fruits_vegetables_and_nuts,"[0, 2]"
marigold,5,greens_herbs_and_fougeres,"[1, 2]"
mariposa lily,3,flowers,"[0, 1, 2, 3]"
marjoram,5,greens_herbs_and_fougeres,"[1, 2]"
marmalade,7,sweets_and_gourmand_smells,"[3]"
marron glace,7,sweets_and_gourmand_smells,"[3]"
marshmallow,7,sweets_and_gourmand_smells,"[3]"
martini,11,beverages,"[0, 1, 2, 3]"
marzipan,7,sweets_and_gourmand_smells,"[3]"
masala chai,11,beverages,"[0, 1, 2, 3]"
massoia,8,woods_and_mosses,"[2, 3]"
mastic or lentisque,9,resins_and_balsams,"[2, 3]"
matcha tea,5,greens_herbs_and_fougeres,"[1, 2]"
mate,5,greens_herbs_and_fougeres,"[1, 2]"
mayflower,3,flowers,"[0, 1, 2, 3]"
meadowsweet,3,flowers,"[0, 1, 2, 3]"
meat,10,musk_amber_animalic_smells,"[2, 3]"
melati,4,white_flowers,"[0, 2, 3]"
melilot or sweet clover,5,greens_herbs_and_fougeres,"[1, 2]"
melilotus,3,flowers,"[0, 1, 2, 3]"
melon,2,fruits_vegetables_and_nuts,"[0, 2]"
meringues,7,sweets_and_gourmand_smells,"[3]"
mesquite wood,8,woods_and_mosses,"[2, 3]"
metallic notes,12,netural_and_synthetic_popular_and_weird,"[0, 1, 2, 3]"
methyl pamplemousse,1,citrus_smells,"[0, 1]"
mignonette,3,flowers,"[0, 1, 2, 3]"
milk,10,musk_amber_animalic_smells,"[2, 3]"
milk mousse,7,sweets_and_gourmand_smells,"[3]"
mimosa,3,flowers,"[0, 1, 2, 3]"
mimusops elengi,3,flowers,"[0, 1, 2, 3]"
mineral notes,12,netural_and_synthetic_popular_and_weird,"[0, 1, 2, 3]"
mint,5,greens_herbs_and_fougeres,"[1, 2]"
mirabelle,2,fruits_vegetables_and_nuts,"[0, 2]"
mirabilis,3,flowers,"[0, 1, 2, 3]"
mistletoe,5,greens_herbs_and_fougeres,"[1, 2]"
mitti attar,12,netural_and_synthetic_popular_and_weird,"[0, 1, 2, 3]"
mock orange,4,white_flowers,"[0, 2, 3]"
moepel accord,8,woods_and_mosses,"[2, 3]"
mojito,11,beverages,"[0, 1, 2, 3]"
molasses,12,netural_and_synthetic_popular_and_weird,"[0, 1, 2, 3]"
molasses,7,sweets_and_gourmand_smells,"[3]"
monarda,3,flowers,"[0, 1, 2, 3]"
monoi oil,3,flowers,"[0, 1, 2, 3]"
mopane,9,resins_and_balsams,"[2, 3]"
morning glory flower,3,flowers,"[0, 1, 2, 3]"
motor oil,12,netural_and_synthetic_popular_and_weird,"[0, 1, 2, 3]"
mountain air,12,netural_and_synthetic_popular_and_weird,"[0, 1, 2, 3]"
mugane,12,netural_and_synthetic_popular_and_weird,"[0, 1, 2, 3]"
muhuhu,8,woods_and_mosses,"[2, 3]"
mulberry,2,fruits_vegetables_and_nuts,"[0, 2]"
mushroom,2,fruits_vegetables_and_nuts,"[0, 2]"
musk,10,musk_amber_animalic_smells,"[2, 3]"
mustard seed,6,spices,"[2, 3]"
myrica,9,resins_and_balsams,"[2, 3]"
myrrh,9,resins_and_balsams,"[2, 3]"
myrtle,3,flowers,"[0, 1, 2, 3]"
nag champa,9,resins_and_balsams,"[2, 3]"
narcissus,3,flowers,"[0, 1, 2, 3]"
nashi pear,2,fruits_vegetables_and_nuts,"[0, 2]"
nasturcia,3,flowers,"[0, 1, 2, 3]"
naturalcalm,12,netural_and_synthetic_popular_and_weird,"[0, 1, 2, 3]"
nectarine,2,fruits_vegetables_and_nuts,"[0, 2]"
nectarine blossom,3,flowers,"[0, 1, 2, 3]"
neem,8,woods_and_mosses,"[2, 3]"
neoprene,12,netural_and_synthetic_popular_and_weird,"[0, 1, 2, 3]"
nerium oleander,3,flowers,"[0, 1, 2, 3]"
neroli,1,citrus_smells,"[0, 1]"
nettle,5,greens_herbs_and_fougeres,"[1, 2]"
nigella,6,spices,"[2, 3]"
night blooming cereus,4,white_flowers,"[0, 2, 3]"
night blooming jasmine,3,flowers,"[0, 1, 2, 3]"
nootka,8,woods_and_mosses,"[2, 3]"
nougat,7,sweets_and_gourmand_smells,"[3]"
nutmeg,6,spices,"[2, 3]"
oak,8,woods_and_mosses,"[2, 3]"
oak leaves,5,greens_herbs_and_fougeres,"[1, 2]"
oakmoss,8,woods_and_mosses,"[2, 3]"
oat,5,greens_herbs_and_fougeres,"[1, 2]"
oily notes,6,spices,"[2, 3]"
olibanum (frankincense),9,resins_and_balsams,"[2, 3]"
olive,2,fruits_vegetables_and_nuts,"[0, 2]"
olive flower,3,flowers,"[0, 1, 2, 3]"
olive leaf,5,greens_herbs_and_fougeres,"[1, 2]"
olive tree,8,woods_and_mosses,"[2, 3]"
oolong tea,5,greens_herbs_and_fougeres,"[1, 2]"
opium,3,flowers,"[0, 1, 2, 3]"
opoponax,9,resins_and_balsams,"[2, 3]"
orange,1,citrus_smells,"[0, 1]"
orange blossom,4,white_flowers,"[0, 2, 3]"
orange cassia tree,3,flowers,"[0, 1, 2, 3]"
orchard blossom,3,flowers,"[0, 1, 2, 3]"
orchid,3,flowers,"[0, 1, 2, 3]"
orchid cactus,3,flowers,"[0, 1, 2, 3]"
orchid leaf,5,greens_herbs_and_fougeres,"[1, 2]"
oregano,5,greens_herbs_and_fougeres,"[1, 2]"
oriental notes,6,spices,"[2, 3]"
orris root,3,flowers,"[0, 1, 2, 3]"
osmanthus,3,flowers,"[0, 1, 2, 3]"
oysters,10,musk_amber_animalic_smells,"[2, 3]"
ozonic notes,12,netural_and_synthetic_popular_and_weird,"[0, 1, 2, 3]"
palisander rosewood,8,woods_and_mosses,"[2, 3]"
palm leaf,5,greens_herbs_and_fougeres,"[1, 2]"
palmarosa,5,greens_herbs_and_fougeres,"[1, 2]"
palo santo,8,woods_and_mosses,"[2, 3]"
pandanus,5,greens_herbs_and_fougeres,"[1, 2]"
panna cotta,7,sweets_and_gourmand_smells,"[3]"
pansy,3,flowers,"[0, 1, 2, 3]"
papaya,2,fruits_vegetables_and_nuts,"[0, 2]"
papaya blossom,3,flowers,"[0, 1, 2, 3]"
paper,12,netural_and_synthetic_popular_and_weird,"[0, 1, 2, 3]"
paperbark,8,woods_and_mosses,"[2, 3]"
papyrus,8,woods_and_mosses,"[2, 3]"
para-cresyl phenyl acetate,12,netural_and_synthetic_popular_and_weird,"[0, 1, 2, 3]"
paradisone,12,netural_and_synthetic_popular_and_weird,"[0, 1, 2, 3]"
paramela,3,flowers,"[0, 1, 2, 3]"
parsley,5,greens_herbs_and_fougeres,"[1, 2]"
passion flower,3,flowers,"[0, 1, 2, 3]"
passionfruit,2,fruits_vegetables_and_nuts,"[0, 2]"
pataqueira,3,flowers,"[0, 1, 2, 3]"
patchouli,8,woods_and_mosses,"[2, 3]"
pea,2,fruits_vegetables_and_nuts,"[0, 2]"
peach,2,fruits_vegetables_and_nuts,"[0, 2]"
peach blossom,3,flowers,"[0, 1, 2, 3]"
peach leaf,5,greens_herbs_and_fougeres,"[1, 2]"
peanut,2,fruits_vegetables_and_nuts,"[0, 2]"
pear,2,fruits_vegetables_and_nuts,"[0, 2]"
pear blossom,3,flowers,"[0, 1, 2, 3]"
pear ice cream,7,sweets_and_gourmand_smells,"[3]"
pear leaf,5,greens_herbs_and_fougeres,"[1, 2]"
pear tree,8,woods_and_mosses,"[2, 3]"
peat,12,netural_and_synthetic_popular_and_weird,"[0, 1, 2, 3]"
pebbles,12,netural_and_synthetic_popular_and_weird,"[0, 1, 2, 3]"
pecan,2,fruits_vegetables_and_nuts,"[0, 2]"
pelargonium,3,flowers,"[0, 1, 2, 3]"
peony,3,flowers,"[0, 1, 2, 3]"
pepper,6,spices,"[2, 3]"
peppertree,6,spices,"[2, 3]"
pepperwood or hercules club,8,woods_and_mosses,"[2, 3]"
periwinkle,3,flowers,"[0, 1, 2, 3]"
persimmon,2,fruits_vegetables_and_nuts,"[0, 2]"
peru balsam,9,resins_and_balsams,"[2, 3]"
petalia,12,netural_and_synthetic_popular_and_weird,"[0, 1, 2, 3]"
petitgrain,1,citrus_smells,"[0, 1]"
petunia,3,flowers,"[0, 1, 2, 3]"
phlox,3,flowers,"[0, 1, 2, 3]"
pimento,6,spices,"[2, 3]"
pimento leaf,6,spices,"[2, 3]"
pimento seeds,6,spices,"[2, 3]"
pina colada,11,beverages,"[0, 1, 2, 3]"
pine tree,8,woods_and_mosses,"[2, 3]"
pineapple,2,fruits_vegetables_and_nuts,"[0, 2]"
pineapple blossom,3,flowers,"[0, 1, 2, 3]"
pink pepper,6,spices,"[2, 3]"
pinot noir grapes,2,fruits_vegetables_and_nuts,"[0, 2]"
pistachio,2,fruits_vegetables_and_nuts,"[0, 2]"
pitahaya,2,fruits_vegetables_and_nuts,"[0, 2]"
pitanga,2,fruits_vegetables_and_nuts,"[0, 2]"
pittosporum,3,flowers,"[0, 1, 2, 3]"
plastic,12,netural_and_synthetic_popular_and_weird,"[0, 1, 2, 3]"
plum,2,fruits_vegetables_and_nuts,"[0, 2]"
plum blossom,3,flowers,"[0, 1, 2, 3]"
plum tree,8,woods_and_mosses,"[2, 3]"
poinsettia,3,flowers,"[0, 1, 2, 3]"
pollen,12,netural_and_synthetic_popular_and_weird,"[0, 1, 2, 3]"
polygonum,5,greens_herbs_and_fougeres,"[1, 2]"
pomarose,12,netural_and_synthetic_popular_and_weird,"[0, 1, 2, 3]"
pomegranate,2,fruits_vegetables_and_nuts,"[0, 2]"
pomegranate blossom,3,flowers,"[0, 1, 2, 3]"
pomelo,1,citrus_smells,"[0, 1]"
popcorn,7,sweets_and_gourmand_smells,"[3]"
poplar (populus) buds,9,resins_and_balsams,"[2, 3]"
poppy,3,flowers,"[0, 1, 2, 3]"
port wine,11,beverages,"[0, 1, 2, 3]"
portulaca or pigweed,5,greens_herbs_and_fougeres,"[1, 2]"
powdery notes,12,netural_and_synthetic_popular_and_weird,"[0, 1, 2, 3]"
praline,7,sweets_and_gourmand_smells,"[3]"
primrose,3,flowers,"[0, 1, 2, 3]"
princess tree (paulownia),3,flowers,"[0, 1, 2, 3]"
priprioca,6,spices,"[2, 3]"
privet,3,flowers,"[0, 1, 2, 3]"
profiterole,7,sweets_and_gourmand_smells,"[3]"
prosecco,11,beverages,"[0, 1, 2, 3]"
prunella,3,flowers,"[0, 1, 2, 3]"
pua keni keni (pua-lulu),8,woods_and_mosses,"[2, 3]"
pumpkin,2,fruits_vegetables_and_nuts,"[0, 2]"
punch,11,beverages,"[0, 1, 2, 3]"
quince,2,fruits_vegetables_and_nuts,"[0, 2]"
rain notes,12,netural_and_synthetic_popular_and_weird,"[0, 1, 2, 3]"
rainbow sorbet,7,sweets_and_gourmand_smells,"[3]"
raki,11,beverages,"[0, 1, 2, 3]"
rambutan,2,fruits_vegetables_and_nuts,"[0, 2]"
rangoon creeper,3,flowers,"[0, 1, 2, 3]"
raspberry,2,fruits_vegetables_and_nuts,"[0, 2]"
raspberry blossom,3,flowers,"[0, 1, 2, 3]"
ravenala,8,woods_and_mosses,"[2, 3]"
ravensara,8,woods_and_mosses,"[2, 3]"
red algae,5,greens_herbs_and_fougeres,"[1, 2]"
red apple,2,fruits_vegetables_and_nuts,"[0, 2]"
red berries,2,fruits_vegetables_and_nuts,"[0, 2]"
red currant,2,fruits_vegetables_and_nuts,"[0, 2]"
red fruits,2,fruits_vegetables_and_nuts,"[0, 2]"
red willow,8,woods_and_mosses,"[2, 3]"
red wine,11,beverages,"[0, 1, 2, 3]"
reed,5,greens_herbs_and_fougeres,"[1, 2]"
reseda,3,flowers,"[0, 1, 2, 3]"
resins,9,resins_and_balsams,"[2, 3]"
rhododendron,3,flowers,"[0, 1, 2, 3]"
rhubarb,2,fruits_vegetables_and_nuts,"[0, 2]"
rice,5,greens_herbs_and_fougeres,"[1, 2]"
rice pudding,7,sweets_and_gourmand_smells,"[3]"
rooibos red tea,5,greens_herbs_and_fougeres,"[1, 2]"
rosa rubiginosa,3,flowers,"[0, 1, 2, 3]"
rose,3,flowers,"[0, 1, 2, 3]"
rose hip,3,flowers,"[0, 1, 2, 3]"
rose jam,7,sweets_and_gourmand_smells,"[3]"
rose japanese (hamanasu),3,flowers,"[0, 1, 2, 3]"
rose leaf,5,greens_herbs_and_fougeres,"[1, 2]"
rose mallow,3,flowers,"[0, 1, 2, 3]"
rose thorn,5,greens_herbs_and_fougeres,"[1, 2]"
rosebay willowherb,3,flowers,"[0, 1, 2, 3]"
rosemary,5,greens_herbs_and_fougeres,"[1, 2]"
rubber,9,resins_and_balsams,"[2, 3]"
rue,5,greens_herbs_and_fougeres,"[1, 2]"
rum,11,beverages,"[0, 1, 2, 3]"
rumex,5,greens_herbs_and_fougeres,"[1, 2]"
rye,5,greens_herbs_and_fougeres,"[1, 2]"
safflower,3,flowers,"[0, 1, 2, 3]"
saffron,6,spices,"[2, 3]"
safraleine,6,spices,"[2, 3]"
sage,5,greens_herbs_and_fougeres,"[1, 2]"
sainfoins,3,flowers,"[0, 1, 2, 3]"
sake,11,beverages,"[0, 1, 2, 3]"
salt,12,netural_and_synthetic_popular_and_weird,"[0, 1, 2, 3]"
saman,8,woods_and_mosses,"[2, 3]"
sand,12,netural_and_synthetic_popular_and_weird,"[0, 1, 2, 3]"
sandalwood,8,woods_and_mosses,"[2, 3]"
sangria,11,beverages,"[0, 1, 2, 3]"
santolina,3,flowers,"[0, 1, 2, 3]"
sapodilla,2,fruits_vegetables_and_nuts,"[0, 2]"
satin,12,netural_and_synthetic_popular_and_weird,"[0, 1, 2, 3]"
satinwood,8,woods_and_mosses,"[2, 3]"
satureja,5,greens_herbs_and_fougeres,"[1, 2]"
saw palmetto,5,greens_herbs_and_fougeres,"[1, 2]"
sea buckthorn,2,fruits_vegetables_and_nuts,"[0, 2]"
sea shells,10,musk_amber_animalic_smells,"[2, 3]"
sea water,12,netural_and_synthetic_popular_and_weird,"[0, 1, 2, 3]"
seaweed,5,greens_herbs_and_fougeres,"[1, 2]"
sequoia,8,woods_and_mosses,"[2, 3]"
sesame,6,spices,"[2, 3]"
shiso,5,greens_herbs_and_fougeres,"[1, 2]"
siam,8,woods_and_mosses,"[2, 3]"
sichuan pepper,6,spices,"[2, 3]"
"sideritis, mountain tea",5,greens_herbs_and_fougeres,"[1, 2]"
silk,12,netural_and_synthetic_popular_and_weird,"[0, 1, 2, 3]"
silk tree blossom,3,flowers,"[0, 1, 2, 3]"
silk vine or milk broom,5,greens_herbs_and_fougeres,"[1, 2]"
skin,10,musk_amber_animalic_smells,"[2, 3]"
skunk cabbage,5,greens_herbs_and_fougeres,"[1, 2]"
slate,12,netural_and_synthetic_popular_and_weird,"[0, 1, 2, 3]"
smoke,12,netural_and_synthetic_popular_and_weird,"[0, 1, 2, 3]"
snake plant,5,greens_herbs_and_fougeres,"[1, 2]"
snow,12,netural_and_synthetic_popular_and_weird,"[0, 1, 2, 3]"
snowberry,2,fruits_vegetables_and_nuts,"[0, 2]"
snowdrops,3,flowers,"[0, 1, 2, 3]"
sodium silicate,12,netural_and_synthetic_popular_and_weird,"[0, 1, 2, 3]"
solar notes,12,netural_and_synthetic_popular_and_weird,"[0, 1, 2, 3]"
solomon`s seal,3,flowers,"[0, 1, 2, 3]"
sorbet,7,sweets_and_gourmand_smells,"[3]"
sour cherry,2,fruits_vegetables_and_nuts,"[0, 2]"
sour cherry blossom,3,flowers,"[0, 1, 2, 3]"
soursop,2,fruits_vegetables_and_nuts,"[0, 2]"
soybean,2,fruits_vegetables_and_nuts,"[0, 2]"
spanish broom,3,flowers,"[0, 1, 2, 3]"
spicy notes,6,spices,"[2, 3]"
spinach,5,greens_herbs_and_fougeres,"[1, 2]"
spiraea,3,flowers,"[0, 1, 2, 3]"
spray paint,12,netural_and_synthetic_popular_and_weird,"[0, 1, 2, 3]"
spruce,8,woods_and_mosses,"[2, 3]"
spun sugar,7,sweets_and_gourmand_smells,"[3]"
squash,2,fruits_vegetables_and_nuts,"[0, 2]"
st. john's wort,3,flowers,"[0, 1, 2, 3]"
star anise,6,spices,"[2, 3]"
star apple,2,fruits_vegetables_and_nuts,"[0, 2]"
starfish,10,musk_amber_animalic_smells,"[2, 3]"
stephanotis,4,white_flowers,"[0, 2, 3]"
strawberry,2,fruits_vegetables_and_nuts,"[0, 2]"
strawberry leaf,5,greens_herbs_and_fougeres,"[1, 2]"
strawberry syrup,7,sweets_and_gourmand_smells,"[3]"
strelitzia,3,flowers,"[0, 1, 2, 3]"
strobilanthes callosus,3,flowers,"[0, 1, 2, 3]"
styrax,9,resins_and_balsams,"[2, 3]"
suede,10,musk_amber_animalic_smells,"[2, 3]"
sugar,7,sweets_and_gourmand_smells,"[3]"
sumac,6,spices,"[2, 3]"
sundew,5,greens_herbs_and_fougeres,"[1, 2]"
sunflower,3,flowers,"[0, 1, 2, 3]"
suntan lotion,12,netural_and_synthetic_popular_and_weird,"[0, 1, 2, 3]"
surf wax,9,resins_and_balsams,"[2, 3]"
sweet grass,5,greens_herbs_and_fougeres,"[1, 2]"
sweet pea,3,flowers,"[0, 1, 2, 3]"
sycamore,8,woods_and_mosses,"[2, 3]"
sylkolide,10,musk_amber_animalic_smells,"[2, 3]"
syringa,4,white_flowers,"[0, 2, 3]"
syrup,11,beverages,"[0, 1, 2, 3]"
taif rose,3,flowers,"[0, 1, 2, 3]"
takamaka,8,woods_and_mosses,"[2, 3]"
talc,12,netural_and_synthetic_popular_and_weird,"[0, 1, 2, 3]"
tamarind,6,spices,"[2, 3]"
tamarisk,3,flowers,"[0, 1, 2, 3]"
tangelo,1,citrus_smells,"[0, 1]"
tangerine,1,citrus_smells,"[0, 1]"
tangerine blossom,4,white_flowers,"[0, 2, 3]"
tansy,5,greens_herbs_and_fougeres,"[1, 2]"
tarragon,5,greens_herbs_and_fougeres,"[1, 2]"
tayberry,2,fruits_vegetables_and_nuts,"[0, 2]"
tea,5,greens_herbs_and_fougeres,"[1, 2]"
tea tree oil,9,resins_and_balsams,"[2, 3]"
teak wood,8,woods_and_mosses,"[2, 3]"
tennis ball,12,netural_and_synthetic_popular_and_weird,"[0, 1, 2, 3]"
tequila,11,beverages,"[0, 1, 2, 3]"
thailand oud,8,woods_and_mosses,"[2, 3]"
thistle,5,greens_herbs_and_fougeres,"[1, 2]"
thuja,8,woods_and_mosses,"[2, 3]"
thyme,5,greens_herbs_and_fougeres,"[1, 2]"
ti leaf (cordilyne),5,greens_herbs_and_fougeres,"[1, 2]"
tiare flower,4,white_flowers,"[0, 2, 3]"
tiramisu,7,sweets_and_gourmand_smells,"[3]"
tobacco,5,greens_herbs_and_fougeres,"[1, 2]"
tobacco blossom,3,flowers,"[0, 1, 2, 3]"
toffee,7,sweets_and_gourmand_smells,"[3]"
tokaji wine,11,beverages,"[0, 1, 2, 3]"
tolu balsam,10,musk_amber_animalic_smells,"[2, 3]"
tomato,2,fruits_vegetables_and_nuts,"[0, 2]"
tomato leaf,5,greens_herbs_and_fougeres,"[1, 2]"
tonic water,11,beverages,"[0, 1, 2, 3]"
tonka bean,6,spices,"[2, 3]"
toscanol,6,spices,"[2, 3]"
trillium,3,flowers,"[0, 1, 2, 3]"
tropical fruits,2,fruits_vegetables_and_nuts,"[0, 2]"
truffle,10,musk_amber_animalic_smells,"[2, 3]"
tuberose,4,white_flowers,"[0, 2, 3]"
tulip,3,flowers,"[0, 1, 2, 3]"
tulle accord,12,netural_and_synthetic_popular_and_weird,"[0, 1, 2, 3]"
tulsi,5,greens_herbs_and_fougeres,"[1, 2]"
turnera diffusa (damiana),8,woods_and_mosses,"[2, 3]"
umbu-caja | tapereba,2,fruits_vegetables_and_nuts,"[0, 2]"
valerian,5,greens_herbs_and_fougeres,"[1, 2]"
vanilla,6,spices,"[2, 3]"
varnish accord,12,netural_and_synthetic_popular_and_weird,"[0, 1, 2, 3]"
velvet,12,netural_and_synthetic_popular_and_weird,"[0, 1, 2, 3]"
vermouth,11,beverages,"[0, 1, 2, 3]"
vetiver,8,woods_and_mosses,"[2, 3]"
vine,5,greens_herbs_and_fougeres,"[1, 2]"
vinyl,12,netural_and_synthetic_popular_and_weird,"[0, 1, 2, 3]"
violet,3,flowers,"[0, 1, 2, 3]"
violet leaf,5,greens_herbs_and_fougeres,"[1, 2]"
violet woodsorrel,3,flowers,"[0, 1, 2, 3]"
vodka,11,beverages,"[0, 1, 2, 3]"
wallflower,3,flowers,"[0, 1, 2, 3]"
walnut,2,fruits_vegetables_and_nuts,"[0, 2]"
wan sao lhong,6,spices,"[2, 3]"
wasabi,6,spices,"[2, 3]"
water,12,netural_and_synthetic_popular_and_weird,"[0, 1, 2, 3]"
water fruit,2,fruits_vegetables_and_nuts,"[0, 2]"
water hyacinth,3,flowers,"[0, 1, 2, 3]"
water lily,3,flowers,"[0, 1, 2, 3]"
water pepper,6,spices,"[2, 3]"
watermelon,2,fruits_vegetables_and_nuts,"[0, 2]"
west indian bay,6,spices,"[2, 3]"
wet plaster,12,netural_and_synthetic_popular_and_weird,"[0, 1, 2, 3]"
wheat,5,greens_herbs_and_fougeres,"[1, 2]"
whiskey,11,beverages,"[0, 1, 2, 3]"
white chocolate,7,sweets_and_gourmand_smells,"[3]"
white currant,2,fruits_vegetables_and_nuts,"[0, 2]"
white flowers,4,white_flowers,"[0, 2, 3]"
white ginger lily,3,flowers,"[0, 1, 2, 3]"
white oud,8,woods_and_mosses,"[2, 3]"
white tobacco,4,white_flowers,"[0, 2, 3]"
white willow,8,woods_and_mosses,"[2, 3]"
white wine,11,beverages,"[0, 1, 2, 3]"
wild strawberry,2,fruits_vegetables_and_nuts,"[0, 2]"
wildflowers,3,flowers,"[0, 1, 2, 3]"
wine lees,11,beverages,"[0, 1, 2, 3]"
winterberry,2,fruits_vegetables_and_nuts,"[0, 2]"
wisteria,3,flowers,"[0, 1, 2, 3]"
wolfberry,2,fruits_vegetables_and_nuts,"[0, 2]"
woody notes,8,woods_and_mosses,"[2, 3]"
woody zion,8,woods_and_mosses,"[2, 3]"
wool,12,netural_and_synthetic_popular_and_weird,"[0, 1, 2, 3]"
wormwood,5,greens_herbs_and_fougeres,"[1, 2]"
wrightia,3,flowers,"[0, 1, 2, 3]"
yarrow,5,greens_herbs_and_fougeres,"[1, 2]"
yellow cherry,2,fruits_vegetables_and_nuts,"[0, 2]"
ylang-ylang,3,flowers,"[0, 1, 2, 3]"
yogurt,7,sweets_and_gourmand_smells,"[3]"
yohimbe,8,woods_and_mosses,"[2, 3]"
yumberry,2,fruits_vegetables_and_nuts,"[0, 2]"
yunnan red tea,5,greens_herbs_and_fougeres,"[1, 2]"
yuzu,1,citrus_smells,"[0, 1]"
yuzu flower,3,flowers,"[0, 1, 2, 3]"
zinnia,3,flowers,"[0, 1, 2, 3]"
